timestamp_iso,chain,address,balance_wei,balance_native,native_symbol
2026-06-24T19:26:57.986Z,tron,TYpy2dsP5LRPKVXVhhB3sqcw7366UUK1yq,0,0,USDT
2026-06-24T21:07:04.326Z,tron,TYpy2dsP5LRPKVXVhhB3sqcw7366UUK1yq,0,0,USDT
2026-06-24T21:33:31.229Z,tron,TYpy2dsP5LRPKVXVhhB3sqcw7366UUK1yq,0,0,USDT
2026-06-25T09:10:45.233Z,tron,TYpy2dsP5LRPKVXVhhB3sqcw7366UUK1yq,0,0,USDT
2026-06-25T10:44:34.960Z,tron,TYpy2dsP5LRPKVXVhhB3sqcw7366UUK1yq,0,0,USDT
2026-06-25T12:20:55.502Z,tron,TYpy2dsP5LRPKVXVhhB3sqcw7366UUK1yq,0,0,USDT
2026-06-25T13:30:53.018Z,tron,TYpy2dsP5LRPKVXVhhB3sqcw7366UUK1yq,0,0,USDT
2026-06-25T14:54:44.467Z,tron,TYpy2dsP5LRPKVXVhhB3sqcw7366UUK1yq,0,0,USDT
2026-06-25T16:09:12.466Z,tron,TYpy2dsP5LRPKVXVhhB3sqcw7366UUK1yq,0,0,USDT
2026-06-25T17:17:43.720Z,tron,TYpy2dsP5LRPKVXVhhB3sqcw7366UUK1yq,0,0,USDT
2026-06-25T18:28:02.498Z,tron,TYpy2dsP5LRPKVXVhhB3sqcw7366UUK1yq,0,0,USDT
2026-06-25T19:32:46.064Z,tron,TYpy2dsP5LRPKVXVhhB3sqcw7366UUK1yq,0,0,USDT
2026-06-25T20:38:32.223Z,tron,TYpy2dsP5LRPKVXVhhB3sqcw7366UUK1yq,0,0,USDT
2026-06-27T09:16:14.090Z,tron,TYpy2dsP5LRPKVXVhhB3sqcw7366UUK1yq,0,0,USDT
2026-06-27T10:39:49.306Z,tron,TYpy2dsP5LRPKVXVhhB3sqcw7366UUK1yq,0,0,USDT
2026-06-27T13:46:33.790Z,tron,TYpy2dsP5LRPKVXVhhB3sqcw7366UUK1yq,0,0,USDT
2026-06-27T14:51:58.920Z,tron,TYpy2dsP5LRPKVXVhhB3sqcw7366UUK1yq,0,0,USDT
2026-06-28T12:05:03.824Z,tron,TYpy2dsP5LRPKVXVhhB3sqcw7366UUK1yq,0,0,USDT
2026-06-28T13:12:10.446Z,tron,TYpy2dsP5LRPKVXVhhB3sqcw7366UUK1yq,0,0,USDT
2026-06-28T14:15:19.812Z,tron,TYpy2dsP5LRPKVXVhhB3sqcw7366UUK1yq,0,0,USDT
2026-06-28T16:24:26.478Z,tron,TYpy2dsP5LRPKVXVhhB3sqcw7366UUK1yq,0,0,USDT
2026-06-28T21:51:38.901Z,tron,TYpy2dsP5LRPKVXVhhB3sqcw7366UUK1yq,0,0,USDT
2026-06-29T14:07:21.142Z,tron,TYpy2dsP5LRPKVXVhhB3sqcw7366UUK1yq,0,0,USDT
2026-06-29T15:00:10.383Z,tron,TYpy2dsP5LRPKVXVhhB3sqcw7366UUK1yq,0,0,USDT
2026-06-29T15:12:40.575Z,tron,TYpy2dsP5LRPKVXVhhB3sqcw7366UUK1yq,0,0,USDT
2026-06-30T05:01:46.347Z,tron,TYpy2dsP5LRPKVXVhhB3sqcw7366UUK1yq,0,0,USDT
2026-07-01T05:01:52.513Z,tron,TYpy2dsP5LRPKVXVhhB3sqcw7366UUK1yq,0,0,USDT
2026-07-15T07:59:57.391Z,tron,TYpy2dsP5LRPKVXVhhB3sqcw7366UUK1yq,0,0,USDT
2026-07-17T09:47:41.457Z,tron,TYpy2dsP5LRPKVXVhhB3sqcw7366UUK1yq,0,0,USDT
2026-07-18T05:01:52.749Z,tron,TYpy2dsP5LRPKVXVhhB3sqcw7366UUK1yq,0,0,USDT
2026-07-19T05:02:11.850Z,tron,TYpy2dsP5LRPKVXVhhB3sqcw7366UUK1yq,0,0,USDT
2026-07-20T05:01:57.088Z,tron,TYpy2dsP5LRPKVXVhhB3sqcw7366UUK1yq,0,0,USDT
2026-07-22T07:37:03.117Z,tron,TYpy2dsP5LRPKVXVhhB3sqcw7366UUK1yq,0,0,USDT
2026-07-22T09:00:34.629Z,tron,TYpy2dsP5LRPKVXVhhB3sqcw7366UUK1yq,0,0,USDT
2026-07-23T05:02:05.129Z,tron,TYpy2dsP5LRPKVXVhhB3sqcw7366UUK1yq,0,0,USDT
2026-07-24T05:02:18.329Z,tron,TYpy2dsP5LRPKVXVhhB3sqcw7366UUK1yq,0,0,USDT
2026-07-25T05:01:44.310Z,tron,TYpy2dsP5LRPKVXVhhB3sqcw7366UUK1yq,0,0,USDT
2026-07-26T05:01:35.719Z,tron,TYpy2dsP5LRPKVXVhhB3sqcw7366UUK1yq,0,0,USDT
2026-07-27T05:01:44.538Z,tron,TYpy2dsP5LRPKVXVhhB3sqcw7366UUK1yq,0,0,USDT
2026-07-28T05:01:56.216Z,tron,TYpy2dsP5LRPKVXVhhB3sqcw7366UUK1yq,0,0,USDT
2026-07-31T09:59:41.726Z,tron,TYpy2dsP5LRPKVXVhhB3sqcw7366UUK1yq,0,0,USDT
2026-08-01T05:01:46.458Z,tron,TYpy2dsP5LRPKVXVhhB3sqcw7366UUK1yq,0,0,USDT
2026-08-02T05:02:00.653Z,tron,TYpy2dsP5LRPKVXVhhB3sqcw7366UUK1yq,0,0,USDT
2026-08-03T05:02:17.983Z,tron,TYpy2dsP5LRPKVXVhhB3sqcw7366UUK1yq,0,0,USDT
2026-08-04T05:02:37.976Z,tron,TYpy2dsP5LRPKVXVhhB3sqcw7366UUK1yq,0,0,USDT
2026-08-05T05:01:38.639Z,tron,TYpy2dsP5LRPKVXVhhB3sqcw7366UUK1yq,0,0,USDT
2026-08-06T05:02:00.766Z,tron,TYpy2dsP5LRPKVXVhhB3sqcw7366UUK1yq,0,0,USDT
2026-08-06T15:34:28.434Z,tron,TYpy2dsP5LRPKVXVhhB3sqcw7366UUK1yq,0,0,USDT
2026-08-06T15:47:20.936Z,tron,TYpy2dsP5LRPKVXVhhB3sqcw7366UUK1yq,0,0,USDT
2026-08-06T15:47:40.679Z,tron,TYpy2dsP5LRPKVXVhhB3sqcw7366UUK1yq,0,0,USDT
2026-08-06T15:47:49.434Z,tron,TYpy2dsP5LRPKVXVhhB3sqcw7366UUK1yq,0,0,USDT
2026-08-06T16:11:56.896Z,tron,TYpy2dsP5LRPKVXVhhB3sqcw7366UUK1yq,,,USDT
2026-08-06T16:12:18.081Z,tron,TYpy2dsP5LRPKVXVhhB3sqcw7366UUK1yq,0,0,USDT
2026-08-06T16:12:41.447Z,tron,TYpy2dsP5LRPKVXVhhB3sqcw7366UUK1yq,0,0,USDT
2026-08-06T16:12:50.123Z,tron,TYpy2dsP5LRPKVXVhhB3sqcw7366UUK1yq,0,0,USDT
2026-08-06T16:12:58.746Z,tron,TYpy2dsP5LRPKVXVhhB3sqcw7366UUK1yq,0,0,USDT
2026-08-06T16:13:38.523Z,tron,TYpy2dsP5LRPKVXVhhB3sqcw7366UUK1yq,0,0,USDT
2026-08-06T16:13:47.063Z,tron,TYpy2dsP5LRPKVXVhhB3sqcw7366UUK1yq,0,0,USDT
2026-08-06T16:13:55.831Z,tron,TYpy2dsP5LRPKVXVhhB3sqcw7366UUK1yq,0,0,USDT
2026-08-06T16:14:04.824Z,tron,TYpy2dsP5LRPKVXVhhB3sqcw7366UUK1yq,0,0,USDT
2026-08-06T16:14:14.104Z,tron,TYpy2dsP5LRPKVXVhhB3sqcw7366UUK1yq,0,0,USDT
2026-08-06T16:14:22.601Z,tron,TYpy2dsP5LRPKVXVhhB3sqcw7366UUK1yq,0,0,USDT
2026-08-06T16:19:55.049Z,tron,TYpy2dsP5LRPKVXVhhB3sqcw7366UUK1yq,0,0,USDT
2026-08-07T06:02:09.107Z,tron,TYpy2dsP5LRPKVXVhhB3sqcw7366UUK1yq,0,0,USDT
2026-08-07T11:54:04.977Z,tron,TYpy2dsP5LRPKVXVhhB3sqcw7366UUK1yq,0,0,USDT
2026-08-08T06:02:29.321Z,tron,TYpy2dsP5LRPKVXVhhB3sqcw7366UUK1yq,0,0,USDT
